SOC,FRACSEC,PMU ID,STAT,FREQ,[R-PHASE VOLTAGE](Mag),[R-PHASE VOLTAGE](Angle),[Y-PHASE VOLTAGE](Mag),[Y-PHASE VOLTAGE](Angle),[B-PHASE VOLTAGE](Mag),[B-PHASE VOLTAGE](Angle),[R-PHASE CURRENT ](Mag),[R-PHASE CURRENT ](Angle),[Y-PHASE CURRENT ](Mag),[Y-PHASE CURRENT ](Angle),[B-PHASE CURRENT ](Mag),[B-PHASE CURRENT ](Angle),
SOC,FRACSEC,PMU ID,STAT,FREQ,[R-PHASE VOLTAGE](Mag),[R-PHASE VOLTAGE](Angle),[Y-PHASE VOLTAGE](Mag),[Y-PHASE VOLTAGE](Angle),[B-PHASE VOLTAGE](Mag),[B-PHASE VOLTAGE](Angle),[R-PHASE CURRENT ](Mag),[R-PHASE CURRENT ](Angle),[Y-PHASE CURRENT ](Mag),[Y-PHASE CURRENT ](Angle),[B-PHASE CURRENT ](Mag),[B-PHASE CURRENT ](Angle),
SOC,FRACSEC,PMU ID,STAT,FREQ,[R-PHASE VOLTAGE](Mag),[R-PHASE VOLTAGE](Angle),[Y-PHASE VOLTAGE](Mag),[Y-PHASE VOLTAGE](Angle),[B-PHASE VOLTAGE](Mag),[B-PHASE VOLTAGE](Angle),[R-PHASE CURRENT ](Mag),[R-PHASE CURRENT ](Angle),[Y-PHASE CURRENT ](Mag),[Y-PHASE CURRENT ](Angle),[B-PHASE CURRENT ](Mag),[B-PHASE CURRENT ](Angle),
SOC,FRACSEC,PMU ID,STAT,FREQ,
SOC,FRACSEC,PMU ID,STAT,FREQ,
SOC,FRACSEC,PMU ID,STAT,FREQ,
SOC,FRACSEC,PMU ID,STAT,FREQ,
SOC,FRACSEC,PMU ID,STAT,FREQ,[R-PHASE VOLTAGE](Mag),[R-PHASE VOLTAGE](Angle),[Y-PHASE VOLTAGE](Mag),[Y-PHASE VOLTAGE](Angle),[B-PHASE VOLTAGE](Mag),[B-PHASE VOLTAGE](Angle),[R-PHASE CURRENT ](Mag),[R-PHASE CURRENT ](Angle),[Y-PHASE CURRENT ](Mag),[Y-PHASE CURRENT ](Angle),[B-PHASE CURRENT ](Mag),[B-PHASE CURRENT ](Angle),
SOC,FRACSEC,PMU ID,STAT,FREQ,[R-PHASE VOLTAGE](Mag),[R-PHASE VOLTAGE](Angle),[Y-PHASE VOLTAGE](Mag),[Y-PHASE VOLTAGE](Angle),[B-PHASE VOLTAGE](Mag),[B-PHASE VOLTAGE](Angle),[R-PHASE CURRENT ](Mag),[R-PHASE CURRENT ](Angle),[Y-PHASE CURRENT ](Mag),[Y-PHASE CURRENT ](Angle),[B-PHASE CURRENT ](Mag),[B-PHASE CURRENT ](Angle),
SOC,FRACSEC,PMU ID,STAT,FREQ,[R-PHASE VOLTAGE](Mag),[R-PHASE VOLTAGE](Angle),[Y-PHASE VOLTAGE](Mag),[Y-PHASE VOLTAGE](Angle),[B-PHASE VOLTAGE](Mag),[B-PHASE VOLTAGE](Angle),[R-PHASE CURRENT ](Mag),[R-PHASE CURRENT ](Angle),[Y-PHASE CURRENT ](Mag),[Y-PHASE CURRENT ](Angle),[B-PHASE CURRENT ](Mag),[B-PHASE CURRENT ](Angle),
